{"theta0": 8499.599619056191, "theta1": -0.021448963349292697}