{"theta0": 8499.599619056191, "theta1": -0.02144896334929269}